time,acceleration,processed_acceleration
0.0,0.0,0.0
0.02,-1.4,-2.8
0.04,-10.8,-21.6
0.06,-10.1,-20.2
0.08,-8.8,-17.6
0.1,-9.5,-19.0
0.12,-12.0,-24.0
0.14,-14.2,-28.4
0.16,-12.8,-25.6
0.18,-11.0,-22.0
0.2,-8.5,-17.0
0.22,-8.5,-17.0
0.24,-13.1,-26.2
0.26,-17.6,-35.2
0.28,-19.4,-38.8
0.3,-16.2,-32.4
0.32,-14.4,-28.8
0.34,-10.8,-21.6
0.36,-8.2,-16.4
0.38,-4.2,-8.4
0.4,-6.6,-13.2
0.42,-13.1,-26.2
0.44,-19.0,-38.0
0.46,-19.6,-39.2
0.48,-6.6,-13.2
0.5,3.0,6.0
0.52,14.1,28.2
0.54,-4.9,-9.8
0.56,-12.8,-25.6
0.58,-14.4,-28.8
0.6,-20.3,-40.6
0.62,-26.0,-52.0
0.64,-32.5,-65.0
0.66,-30.6,-61.2
0.68,-17.2,-34.4
0.7,-19.7,-39.4
0.72,-16.3,-32.6
0.74,-16.4,-32.8
0.76,-6.7,-13.4
0.78,2.5,5.0
0.8,15.0,30.0
0.82,23.6,47.2
0.84,25.2,50.4
0.86,33.6,67.2
0.88,46.3,92.6
0.9,49.2,98.4
0.92,41.9,83.8
0.94,35.9,71.8
0.96,27.1,54.2
0.98,23.5,47.0
1.0,33.9,67.8
1.02,41.2,82.4
1.04,53.0,106.0
1.06,63.9,127.8
1.08,73.2,146.4
1.1,65.2,130.4
1.12,59.9,119.8
1.14,40.0,80.0
1.16,40.0,80.0
1.18,6.3,12.6
1.2,-51.5,-103.0
1.22,-78.7,-157.4
1.24,-60.3,-120.6
1.26,-48.4,-96.8
1.28,-25.0,-50.0
1.3,-5.9,-11.8
1.32,13.4,26.8
1.34,30.8,61.6
1.36,49.9,99.8
1.38,71.0,142.0
1.4,99.5,199.0
1.42,121.9,243.8
1.44,152.9,305.8
1.46,144.9,289.8
1.48,115.5,231.0
1.5,93.5,187.0
1.52,89.2,178.4
1.54,92.6,185.2
1.56,83.9,167.8
1.58,90.1,180.2
1.6,99.3,198.6
1.62,120.9,241.8
1.64,32.8,65.6
1.66,-147.5,-295.0
1.68,-206.6,-413.2
1.7,-198.9,-397.8
1.72,-203.4,-406.8
1.74,-181.6,-363.2
1.76,-172.5,-345.0
1.78,-175.2,-350.4
1.8,-175.3,-350.6
1.82,-180.5,-361.0
1.84,-163.0,-326.0
1.86,-134.7,-269.4
1.88,-108.7,-217.4
1.9,-78.2,-156.4
1.92,-42.9,-85.8
1.94,-1.7,-3.4
1.96,36.0,72.0
1.98,78.5,157.0
2.0,116.4,232.8
2.02,159.8,319.6
2.04,196.0,392.0
2.06,241.2,482.4
2.08,272.9,545.8
2.1,303.6,607.2
2.12,320.0,640.0
2.14,341.7,683.4
2.16,282.1,564.2
2.18,232.4,464.8
2.2,-119.8,-239.6
2.22,-237.3,-474.6
2.24,-164.0,-328.0
2.26,-186.5,-373.0
2.28,-109.5,-219.0
2.3,-75.3,-150.6
2.32,-17.3,-34.6
2.34,11.3,22.6
2.36,53.3,106.6
2.38,89.5,179.0
2.4,118.6,237.2
2.42,175.7,351.4
2.44,57.6,115.2
2.46,-263.1,-526.2
2.48,-154.7,-309.4
2.5,-172.9,-345.8
2.52,-101.2,-202.4
2.54,-57.9,-115.8
2.56,23.7,47.4
2.58,-67.0,-134.0
2.6,-198.0,-396.0
2.62,-164.1,-328.2
2.64,-168.5,-337.0
2.66,-148.1,-296.2
2.68,-123.1,-246.2
2.7,-100.1,-200.2
2.72,-75.1,-150.2
2.74,-52.3,-104.6
2.76,-27.1,-54.2
2.78,-4.4,-8.8
2.8,18.8,37.6
2.82,-9.5,-19.0
2.84,-43.3,-86.6
2.86,-83.8,-167.6
2.88,-95.1,-190.2
2.9,-71.6,-143.2
2.92,-59.9,-119.8
2.94,-33.4,-66.8
2.96,-10.8,-21.6
2.98,18.5,37.0
3.0,42.0,84.0
3.02,67.3,134.6
3.04,-9.7,-19.4
3.06,-37.2,-74.4
3.08,-4.0,-8.0
3.1,1.1,2.2
3.12,34.4,68.8
3.14,56.5,113.0
3.16,88.3,176.6
3.18,113.0,226.0
3.2,136.3,272.6
3.22,21.9,43.8
3.24,24.1,48.2
3.26,68.3,136.6
3.28,68.9,137.8
3.3,131.8,263.6
3.32,135.3,270.6
3.34,204.0,408.0
3.36,-93.1,-186.2
3.38,-130.8,-261.6
3.4,-69.2,-138.4
3.42,-54.6,-109.2
3.44,7.2,14.4
3.46,67.5,135.0
3.48,-106.7,-213.4
3.5,-148.8,-297.6
3.52,-107.1,-214.2
3.54,-116.2,-232.4
3.56,-76.2,-152.4
3.58,-55.9,-111.8
3.6,-21.5,-43.0
3.62,-12.6,-25.2
3.64,-67.4,-134.8
3.66,-32.4,-64.8
3.68,-33.7,-67.4
3.7,-10.9,-21.8
3.72,1.7,3.4
3.74,29.9,59.8
3.76,48.8,97.6
3.78,60.8,121.6
3.8,22.2,44.4
3.82,-3.2,-6.4
3.84,-24.5,-49.0
3.86,7.7,15.4
3.88,21.1,42.2
3.9,56.8,113.6
3.92,82.6,165.2
3.94,120.6,241.2
3.96,147.8,295.6
3.98,173.7,347.4
4.0,42.1,84.2
4.02,2.9,5.8
4.04,25.9,51.8
4.06,29.3,58.6
4.08,-5.5,-11.0
4.1,-14.7,-29.4
4.12,14.3,28.6
4.14,20.6,41.2
4.16,49.9,99.8
4.18,64.5,129.0
4.2,95.7,191.4
4.22,112.8,225.6
4.24,144.7,289.4
4.26,162.9,325.8
4.28,194.5,389.0
4.3,185.6,371.2
4.32,198.4,396.8
4.34,176.9,353.8
4.36,125.0,250.0
4.38,-120.7,-241.4
4.4,-54.2,-108.4
4.42,-38.4,-76.8
4.44,-31.1,-62.2
4.46,-111.8,-223.6
4.48,-166.1,-332.2
4.5,-246.4,-492.8
4.52,-202.5,-405.0
4.54,-183.5,-367.0
4.56,-131.7,-263.4
4.58,-96.0,-192.0
4.6,-32.5,-65.0
4.62,15.4,30.8
4.64,81.6,163.2
4.66,131.9,263.8
4.68,181.8,363.6
4.7,-5.8,-11.6
4.72,-16.9,-33.8
4.74,28.5,57.0
4.76,44.7,89.4
4.78,98.3,196.6
4.8,142.4,284.8
4.82,185.3,370.6
4.84,245.6,491.2
4.86,168.5,337.0
4.88,-138.0,-276.0
4.9,-99.9,-199.8
4.92,-108.9,-217.8
4.94,-90.7,-181.4
4.96,-46.9,-93.8
4.98,-125.0,-250.0
5.0,-211.1,-422.2
5.02,-161.7,-323.4
5.04,-169.2,-338.4
5.06,-130.6,-261.2
5.08,-111.1,-222.2
5.1,-77.3,-154.6
5.12,-51.0,-102.0
5.14,-54.4,-108.8
5.16,-120.0,-240.0
5.18,-120.9,-241.8
5.2,-115.8,-231.6
5.22,-114.5,-229.0
5.24,-71.7,-143.4
5.26,-54.6,-109.2
5.28,6.4,12.8
5.3,-80.4,-160.8
5.32,-163.4,-326.8
5.34,-85.9,-171.8
5.36,-96.1,-192.2
5.38,-39.6,-79.2
5.4,-14.7,-29.4
5.42,31.9,63.8
5.44,64.8,129.6
5.46,87.6,175.2
5.48,47.2,94.4
5.5,19.8,39.6
5.52,-2.7,-5.4
5.54,29.2,58.4
5.56,44.5,89.0
5.58,78.5,157.0
5.6,103.3,206.6
5.62,135.2,270.4
5.64,160.6,321.2
5.66,186.1,372.2
5.68,128.1,256.2
5.7,64.0,128.0
5.72,20.4,40.8
5.74,31.4,62.8
5.76,37.3,74.6
5.78,49.6,99.2
5.8,23.5,47.0
5.82,-8.4,-16.8
5.84,-16.8,-33.6
5.86,-11.3,-22.6
5.88,-22.9,-45.8
5.9,-24.8,-49.6
5.92,-15.7,-31.4
5.94,-6.9,-13.8
5.96,14.7,29.4
5.98,37.9,75.8
6.0,57.9,115.8
6.02,25.5,51.0
6.04,-4.1,-8.2
6.06,-42.8,-85.6
6.08,-13.3,-26.6
6.1,9.5,19.0
6.12,23.0,46.0
6.14,-12.9,-25.8
6.16,-5.0,-10.0
6.18,8.0,16.0
6.2,21.0,42.0
6.22,38.0,76.0
6.24,51.0,102.0
6.26,15.7,31.4
6.28,-3.2,-6.4
6.3,-11.1,-22.2
6.32,0.5,1.0
6.34,7.6,15.2
6.36,3.5,7.0
6.38,-9.5,-19.0
6.4,-3.6,-7.2
6.42,-1.6,-3.2
6.44,3.8,7.6
6.46,8.5,17.0
6.48,-5.6,-11.2
6.5,-30.4,-60.8
6.52,-42.1,-84.2
6.54,-24.4,-48.8
6.56,-23.6,-47.2
6.58,-17.7,-35.4
6.6,-12.9,-25.8
6.62,-1.8,-3.6
6.64,20.3,40.6
6.66,-10.8,-21.6
6.68,-9.1,-18.2
6.7,-3.4,-6.8
6.72,-10.6,-21.2
6.74,-11.1,-22.2
6.76,-9.9,-19.8
6.78,-0.2,-0.4
6.8,7.3,14.6
6.82,23.5,47.0
6.84,35.5,71.0
6.86,70.5,141.0
6.88,77.9,155.8
6.9,18.4,36.8
6.92,-26.3,-52.6
6.94,-12.4,-24.8
6.96,-4.2,-8.4
6.98,15.9,31.8
7.0,4.8,9.6
7.02,-21.9,-43.8
7.04,-46.7,-93.4
7.06,-42.8,-85.6
7.08,-21.6,-43.2
7.1,-4.3,-8.6
7.12,15.9,31.8
7.14,32.0,64.0
7.16,41.9,83.8
7.18,12.3,24.6
7.2,-16.0,-32.0
7.22,-20.4,-40.8
7.24,-8.2,-16.4
7.26,-20.6,-41.2
7.28,-13.7,-27.4
7.3,-5.5,-11.0
7.32,5.3,10.6
7.34,13.4,26.8
7.36,26.6,53.2
7.38,23.2,46.4
7.4,7.9,15.8
7.42,-0.8,-1.6
7.44,20.0,40.0
7.46,43.5,87.0
7.48,49.2,98.4
7.5,19.1,38.2
7.52,9.2,18.4
7.54,-2.2,-4.4
7.56,-2.1,-4.2
7.58,5.2,10.4
7.6,9.3,18.6
7.62,25.5,51.0
7.64,36.8,73.6
7.66,52.5,105.0
7.68,54.1,108.2
7.7,42.5,85.0
7.72,39.8,79.6
7.74,55.9,111.8
7.76,75.6,151.2
7.78,36.5,73.0
7.8,41.1,82.2
7.82,9.8,19.6
7.84,-20.4,-40.8
7.86,-24.9,-49.8
7.88,-40.5,-81.0
7.9,-41.3,-82.6
7.92,-47.1,-94.2
7.94,-43.3,-86.6
7.96,-45.8,-91.6
7.98,-5.7,-11.4
8.0,17.8,35.6
8.02,-20.8,-41.6
8.04,-49.2,-98.4
8.06,-53.0,-106.0
8.08,-36.2,-72.4
8.1,-40.5,-81.0
8.12,-30.8,-61.6
8.14,-31.6,-63.2
8.16,-26.5,-53.0
8.18,-26.5,-53.0
8.2,-26.9,-53.8
8.22,-34.5,-69.0
8.24,-30.9,-61.8
8.26,-21.7,-43.4
8.28,-7.8,-15.6
8.3,8.7,17.4
8.32,28.1,56.2
8.34,31.0,62.0
8.36,35.8,71.6
8.38,34.1,68.2
8.4,35.8,71.6
8.42,28.7,57.4
8.44,30.5,61.0
8.46,11.2,22.4
8.48,21.4,42.8
8.5,13.6,27.2
8.52,38.4,76.8
8.54,-86.1,-172.2
8.56,-134.9,-269.8
8.58,-134.2,-268.4
8.6,-135.4,-270.8
8.62,-119.3,-238.6
8.64,-104.2,-208.4
8.66,-82.9,-165.8
8.68,-65.1,-130.2
8.7,-44.4,-88.8
8.72,-25.8,-51.6
8.74,-6.0,-12.0
8.76,-9.1,-18.2
8.78,-18.2,-36.4
8.8,-14.7,-29.4
8.82,8.5,17.0
8.84,16.3,32.6
8.86,5.0,10.0
8.88,26.4,52.8
8.9,58.2,116.4
8.92,86.7,173.4
8.94,120.0,240.0
8.96,169.5,339.0
8.98,111.1,222.2
9.0,-110.0,-220.0
9.02,-36.6,-73.2
9.04,-44.5,-89.0
9.06,-23.6,-47.2
9.08,-96.0,-192.0
9.1,-65.6,-131.2
9.12,-59.7,-119.4
9.14,-67.0,-134.0
9.16,-55.2,-110.4
9.18,-2.7,-5.4
9.2,37.8,75.6
9.22,107.2,214.4
9.24,166.9,333.8
9.26,94.7,189.4
9.28,40.8,81.6
9.3,66.7,133.4
9.32,13.2,26.4
9.34,-9.5,-19.0
9.36,-52.0,-104.0
9.38,-82.7,-165.4
9.4,-115.2,-230.4
9.42,-115.0,-230.0
9.44,-80.3,-160.6
9.46,-36.9,-73.8
9.48,2.9,5.8
9.5,54.5,109.0
9.52,117.8,235.6
9.54,161.0,322.0
9.56,-27.0,-54.0
9.58,3.4,6.8
9.6,-5.6,-11.2
9.62,2.0,4.0
9.64,14.6,29.2
9.66,53.7,107.4
9.68,79.8,159.6
9.7,-20.5,-41.0
9.72,-59.0,-118.0
9.74,-16.9,-33.8
9.76,-17.5,-35.0
9.78,-2.8,-5.6
9.8,7.4,14.8
9.82,38.2,76.4
9.84,56.7,113.4
9.86,75.3,150.6
9.88,80.1,160.2
9.9,59.2,118.4
9.92,30.4,60.8
9.94,2.3,4.6
9.96,6.4,12.8
9.98,-40.6,-81.2
10.0,-45.1,-90.2
10.02,-7.9,-15.8
10.04,16.8,33.6
10.06,56.7,113.4
10.08,9.3,18.6
10.1,-5.5,-11.0
10.12,4.4,8.8
10.14,-12.3,-24.6
10.16,-28.2,-56.4
10.18,-43.7,-87.4
10.2,-35.2,-70.4
10.22,-25.5,-51.0
10.24,-11.1,-22.2
10.26,20.5,41.0
10.28,51.9,103.8
10.3,85.4,170.8
10.32,114.4,228.8
10.34,73.3,146.6
10.36,23.7,47.4
10.38,-36.8,-73.6
10.4,-27.1,-54.2
10.42,-21.7,-43.4
10.44,-87.3,-174.6
10.46,-97.3,-194.6
10.48,-58.9,-117.8
10.5,-33.6,-67.2
10.52,7.7,15.4
10.54,25.9,51.8
10.56,50.8,101.6
10.58,36.1,72.2
10.6,8.1,16.2
10.62,-5.6,-11.2
10.64,-20.9,-41.8
10.66,-31.7,-63.4
10.68,-23.8,-47.6
10.7,-37.6,-75.2
10.72,-55.0,-110.0
10.74,-72.2,-144.4
10.76,-80.3,-160.6
10.78,-52.3,-104.6
10.8,-34.0,-68.0
10.82,-1.1,-2.2
10.84,6.5,13.0
10.86,-3.7,-7.4
10.88,-0.5,-1.0
10.9,-16.8,-33.6
10.92,-41.0,-82.0
10.94,-8.0,-16.0
10.96,7.9,15.8
10.98,37.4,74.8
11.0,61.5,123.0
11.02,66.5,133.0
11.04,25.4,50.8
11.06,-5.7,-11.4
11.08,-47.4,-94.8
11.1,-35.6,-71.2
11.12,-24.3,-48.6
11.14,-4.8,-9.6
11.16,12.6,25.2
11.18,37.9,75.8
11.2,24.1,48.2
11.22,-22.7,-45.4
11.24,-42.8,-85.6
11.26,-67.9,-135.8
11.28,-66.1,-132.2
11.3,-59.0,-118.0
11.32,-51.3,-102.6
11.34,-40.8,-81.6
11.36,-30.9,-61.8
11.38,-26.6,-53.2
11.4,-54.1,-108.2
11.42,-62.8,-125.6
11.44,-90.8,-181.6
11.46,-110.7,-221.4
11.48,-88.1,-176.2
11.5,-77.0,-154.0
11.52,-58.2,-116.4
11.54,-47.3,-94.6
11.56,-33.3,-66.6
11.58,-19.9,-39.8
11.6,2.0,4.0
11.62,21.1,42.2
11.64,43.2,86.4
11.66,61.3,122.6
11.68,76.7,153.4
11.7,93.3,186.6
11.72,106.6,213.2
11.74,113.0,226.0
11.76,118.7,237.4
11.78,124.7,249.4
11.8,133.4,266.8
11.82,159.4,318.8
11.84,179.7,359.4
11.86,203.7,407.4
11.88,123.6,247.2
11.9,44.2,88.4
11.92,-14.0,-28.0
11.94,-66.6,-133.2
11.96,-55.5,-111.0
11.98,-69.3,-138.6
12.0,-98.4,-196.8
12.02,-124.6,-249.2
12.04,-117.9,-235.8
12.06,-105.0,-210.0
12.08,-92.0,-184.0
12.1,-74.3,-148.6
12.12,-80.9,-161.8
12.14,-85.0,-170.0
12.16,-86.0,-172.0
12.18,-86.3,-172.6
12.2,-87.3,-174.6
12.22,-86.8,-173.6
12.24,-88.5,-177.0
12.26,-53.7,-107.4
12.28,5.2,10.4
12.3,21.5,43.0
12.32,24.5,49.0
12.34,58.0,116.0
12.36,31.4,62.8
12.38,23.6,47.2
12.4,48.5,97.0
12.42,58.9,117.8
12.44,52.5,105.0
12.46,35.5,71.0
12.48,19.7,39.4
12.5,19.9,39.8
12.52,49.2,98.4
12.54,34.3,68.6
12.56,28.8,57.6
12.58,43.2,86.4
12.6,23.9,47.8
12.62,8.8,17.6
12.64,7.7,15.4
12.66,-14.8,-29.6
12.68,-7.7,-15.4
12.7,-1.9,-3.8
12.72,7.5,15.0
12.74,4.4,8.8
12.76,-14.5,-29.0
12.78,-31.6,-63.2
12.8,-24.1,-48.2
12.82,-2.8,-5.6
12.84,18.2,36.4
12.86,42.6,85.2
12.88,43.9,87.8
12.9,51.2,102.4
12.92,46.6,93.2
12.94,47.9,95.8
12.96,19.3,38.6
12.98,22.2,44.4
13.0,27.4,54.8
13.02,39.3,78.6
13.04,50.4,100.8
13.06,57.7,115.4
13.08,58.8,117.6
13.1,82.2,164.4
13.12,79.7,159.4
13.14,94.9,189.8
13.16,34.5,69.0
13.18,4.5,9.0
13.2,-12.3,-24.6
13.22,-34.7,-69.4
13.24,-42.6,-85.2
13.26,-41.6,-83.2
13.28,-27.5,-55.0
13.3,-27.0,-54.0
13.32,7.4,14.8
13.34,42.8,85.6
13.36,-23.1,-46.2
13.38,-38.7,-77.4
13.4,-8.3,-16.6
13.42,13.9,27.8
13.44,44.5,89.0
13.46,2.7,5.4
13.48,-69.7,-139.4
13.5,-79.6,-159.2
13.52,-25.1,-50.2
13.54,-13.5,-27.0
13.56,7.9,15.8
13.58,-11.5,-23.0
13.6,-25.1,-50.2
13.62,-33.3,-66.6
13.64,-26.9,-53.8
13.66,-30.1,-60.2
13.68,-20.0,-40.0
13.7,-6.7,-13.4
13.72,-3.8,-7.6
13.74,10.5,21.0
13.76,29.6,59.2
13.78,34.4,68.8
13.8,95.7,191.4
13.82,89.8,179.6
13.84,17.9,35.8
13.86,-36.2,-72.4
13.88,-99.4,-198.8
13.9,-80.7,-161.4
13.92,-74.4,-148.8
13.94,-53.9,-107.8
13.96,-33.0,-66.0
13.98,-12.8,-25.6
14.0,3.1,6.2
14.02,14.8,29.6
14.04,50.8,101.6
14.06,-2.2,-4.4
14.08,-48.9,-97.8
14.1,-35.8,-71.6
14.12,-69.1,-138.2
14.14,-51.6,-103.2
14.16,-37.1,-74.2
14.18,8.8,17.6
14.2,63.2,126.4
14.22,84.1,168.2
14.24,127.6,255.2
14.26,138.8,277.6
14.28,119.3,238.6
14.3,75.1,150.2
14.32,22.5,45.0
14.34,-8.8,-17.6
14.36,-22.7,-45.4
14.38,7.4,14.8
14.4,18.1,36.2
14.42,54.4,108.8
14.44,39.9,79.8
14.46,4.5,9.0
14.48,-8.2,-16.4
14.5,-18.5,-37.0
14.52,-2.0,-4.0
14.54,0.6,1.2
14.56,-11.7,-23.4
14.58,-21.0,-42.0
14.6,-30.3,-60.6
14.62,-51.2,-102.4
14.64,-72.7,-145.4
14.66,-57.9,-115.8
14.68,-26.6,-53.2
14.7,-17.8,-35.6
14.72,4.0,8.0
14.74,9.8,19.6
14.76,13.7,27.4
14.78,22.1,44.2
14.8,43.7,87.4
14.82,9.1,18.2
14.84,-54.8,-109.6
14.86,-55.5,-111.0
14.88,-24.3,-48.6
14.9,-8.1,-16.2
14.92,25.0,50.0
14.94,41.0,82.0
14.96,18.2,36.4
14.98,-2.7,-5.4
15.0,-24.3,-48.6
15.02,-1.5,-3.0
15.04,24.7,49.4
15.06,48.2,96.4
15.08,78.3,156.6
15.1,62.2,124.4
15.12,33.1,66.2
15.14,-1.4,-2.8
15.16,-19.5,-39.0
15.18,-24.7,-49.4
15.2,-21.2,-42.4
15.22,-11.0,-22.0
15.24,5.0,10.0
15.26,24.1,48.2
15.28,-3.4,-6.8
15.3,-21.6,-43.2
15.32,-47.1,-94.2
15.34,-36.3,-72.6
15.36,-19.5,-39.0
15.38,-1.8,-3.6
15.4,17.0,34.0
15.42,-8.0,-16.0
15.44,0.5,1.0
15.46,23.0,46.0
15.48,37.4,74.8
15.5,60.1,120.2
15.52,51.6,103.2
15.54,43.2,86.4
15.56,34.4,68.8
15.58,50.5,101.0
15.6,65.3,130.6
15.62,68.3,136.6
15.64,17.2,34.4
15.66,-17.0,-34.0
15.68,-52.7,-105.4
15.7,-66.4,-132.8
15.72,-38.7,-77.4
15.74,-22.2,-44.4
15.76,-3.3,-6.6
15.78,11.9,23.8
15.8,-12.8,-25.6
15.82,-35.1,-70.2
15.84,-51.4,-102.8
15.86,-33.5,-67.0
15.88,-21.8,-43.6
15.9,-1.2,-2.4
15.92,14.2,28.4
15.94,7.0,14.0
15.96,-6.3,-12.6
15.98,-12.0,-24.0
16.0,-32.2,-64.4
16.02,-34.6,-69.2
16.04,-9.1,-18.2
16.06,7.3,14.6
16.08,30.9,61.8
16.1,47.2,94.4
16.12,60.3,120.6
16.14,57.6,115.2
16.16,33.0,66.0
16.18,-7.3,-14.6
16.2,-77.7,-155.4
16.22,-60.8,-121.6
16.24,-43.8,-87.6
16.26,-20.9,-41.8
16.28,3.1,6.2
16.3,35.0,70.0
16.32,29.3,58.6
16.34,12.1,24.2
16.36,33.8,67.6
16.38,31.7,63.4
16.4,25.4,50.8
16.42,20.6,41.2
16.44,19.8,39.6
16.46,17.4,34.8
16.48,2.1,4.2
16.5,-14.4,-28.8
16.52,-34.3,-68.6
16.54,-33.9,-67.8
16.56,-14.5,-29.0
16.58,-2.8,-5.6
16.6,17.0,34.0
16.62,-9.6,-19.2
16.64,-25.5,-51.0
16.66,-27.9,-55.8
16.68,-38.8,-77.6
16.7,-24.2,-48.4
16.72,-21.5,-43.0
16.74,-18.2,-36.4
16.76,-17.4,-34.8
16.78,-3.8,-7.6
16.8,-2.7,-5.4
16.82,-18.5,-37.0
16.84,-12.3,-24.6
16.86,8.7,17.4
16.88,34.3,68.6
16.9,69.5,139.0
16.92,91.0,182.0
16.94,85.3,170.6
16.96,76.0,152.0
16.98,51.3,102.6
17.0,18.6,37.2
17.02,1.5,3.0
17.04,-19.0,-38.0
17.06,-15.1,-30.2
17.08,-7.3,-14.6
17.1,2.1,4.2
17.12,12.9,25.8
17.14,21.5,43.0
17.16,2.4,4.8
17.18,-12.4,-24.8
17.2,-32.9,-65.8
17.22,-51.9,-103.8
17.24,-70.8,-141.6
17.26,-57.9,-115.8
17.28,-46.2,-92.4
17.3,-30.7,-61.4
17.32,-14.5,-29.0
17.34,-0.9,-1.8
17.36,-18.0,-36.0
17.38,-31.8,-63.6
17.4,-46.5,-93.0
17.42,-39.1,-78.2
17.44,-34.5,-69.0
17.46,-31.6,-63.2
17.48,-43.5,-87.0
17.5,-49.1,-98.2
17.52,-47.5,-95.0
17.54,-42.0,-84.0
17.56,-36.1,-72.2
17.58,-27.7,-55.4
17.6,-25.8,-51.6
17.62,-13.9,-27.8
17.64,-6.8,-13.6
17.66,50.7,101.4
17.68,72.2,144.4
17.7,87.8,175.6
17.72,78.2,156.4
17.74,76.5,153.0
17.76,43.9,87.8
17.78,8.0,16.0
17.8,1.3,2.6
17.82,-12.6,-25.2
17.84,-1.5,-3.0
17.86,3.0,6.0
17.88,10.4,20.8
17.9,10.4,20.8
17.92,19.3,38.6
17.94,20.5,41.0
17.96,7.4,14.8
17.98,-5.6,-11.2
18.0,-7.2,-14.4
18.02,7.0,14.0
18.04,10.6,21.2
18.06,14.7,29.4
18.08,-0.9,-1.8
18.1,-15.9,-31.8
18.12,-18.7,-37.4
18.14,-0.7,-1.4
18.16,15.5,31.0
18.18,10.5,21.0
18.2,-11.5,-23.0
18.22,-30.2,-60.4
18.24,-30.9,-61.8
18.26,-9.5,-19.0
18.28,-5.8,-11.6
18.3,0.4,0.8
18.32,2.0,4.0
18.34,5.0,10.0
18.36,5.7,11.4
18.38,9.7,19.4
18.4,13.4,26.8
18.42,17.7,35.4
18.44,21.8,43.6
18.46,26.1,52.2
18.48,30.2,60.4
18.5,34.6,69.2
18.52,38.6,77.2
18.54,47.4,94.8
18.56,39.3,78.6
18.58,23.8,47.6
18.6,11.5,23.0
18.62,-7.9,-15.8
18.64,-12.4,-24.8
18.66,5.4,10.8
18.68,2.7,5.4
18.7,-25.0,-50.0
18.72,-56.6,-113.2
18.74,-63.0,-126.0
18.76,-59.1,-118.2
18.78,-41.3,-82.6
18.8,-6.8,-13.6
18.82,27.2,54.4
18.84,27.7,55.4
18.86,-2.1,-4.2
18.88,-6.0,-12.0
18.9,-11.0,-22.0
18.92,-22.1,-44.2
18.94,-41.6,-83.2
18.96,-51.9,-103.8
18.98,-22.2,-44.4
19.0,3.0,6.0
19.02,7.9,15.8
19.04,13.9,27.8
19.06,17.1,34.2
19.08,25.3,50.6
19.1,32.3,64.6
19.12,39.1,78.2
19.14,16.4,32.8
19.16,-13.6,-27.2
19.18,-32.3,-64.6
19.2,-29.1,-58.2
19.22,-28.7,-57.4
19.24,-30.4,-60.8
19.26,-33.9,-67.8
19.28,-24.5,-49.0
19.3,-7.6,-15.2
19.32,12.5,25.0
19.34,37.6,75.2
19.36,40.2,80.4
19.38,24.5,49.0
19.4,15.6,31.2
19.42,-4.0,-8.0
19.44,-15.3,-30.6
19.46,-28.9,-57.8
19.48,-31.6,-63.2
19.5,-11.1,-22.2
19.52,9.4,18.8
19.54,33.5,67.0
19.56,57.6,115.2
19.58,42.4,84.8
19.6,14.3,28.6
19.62,-0.7,-1.4
19.64,-13.5,-27.0
19.66,-27.0,-54.0
19.68,-34.1,-68.2
19.7,-35.7,-71.4
19.72,-39.6,-79.2
19.74,-40.2,-80.4
19.76,-48.8,-97.6
19.78,-48.0,-96.0
19.8,-40.6,-81.2
19.82,-40.7,-81.4
19.84,-35.1,-70.2
19.86,-18.7,-37.4
19.88,-5.7,-11.4
19.9,4.4,8.8
19.92,-1.9,-3.8
19.94,-7.2,-14.4
19.96,-16.9,-33.8
19.98,-11.5,-23.0
20.0,12.6,25.2
20.02,35.8,71.6
20.04,65.4,130.8
20.06,71.6,143.2
20.08,76.2,152.4
20.1,73.9,147.8
20.12,62.8,125.6
20.14,48.4,96.8
20.16,26.4,52.8
20.18,-4.4,-8.8
20.2,-28.8,-57.6
20.22,-38.4,-76.8
20.24,-49.2,-98.4
20.26,-42.8,-85.6
20.28,-41.6,-83.2
20.3,-27.6,-55.2
20.32,-5.2,-10.4
20.34,23.7,47.4
20.36,42.6,85.2
20.38,60.4,120.8
20.4,45.2,90.4
20.42,28.4,56.8
20.44,12.6,25.2
20.46,-5.4,-10.8
20.48,-27.5,-55.0
20.5,-42.3,-84.6
20.52,-17.5,-35.0
20.54,0.1,0.2
20.56,25.4,50.8
20.58,48.1,96.2
20.6,64.1,128.2
20.62,55.4,110.8
20.64,41.3,82.6
20.66,18.4,36.8
20.68,-4.8,-9.6
20.7,-30.3,-60.6
20.72,-53.1,-106.2
20.74,-70.8,-141.6
20.76,-92.8,-185.6
20.78,-86.3,-172.6
20.8,-63.1,-126.2
20.82,-37.6,-75.2
20.84,8.7,17.4
20.86,30.9,61.8
20.88,58.9,117.8
20.9,61.4,122.8
20.92,38.5,77.0
20.94,35.1,70.2
20.96,31.1,62.2
20.98,24.6,49.2
21.0,1.9,3.8
21.02,-19.8,-39.6
21.04,-15.8,-31.6
21.06,-1.5,-3.0
21.08,9.9,19.8
21.1,28.6,57.2
21.12,40.8,81.6
21.14,56.3,112.6
21.16,53.1,106.2
21.18,31.4,62.8
21.2,16.5,33.0
21.22,-2.4,-4.8
21.24,-18.9,-37.8
21.26,-27.6,-55.2
21.28,-37.1,-74.2
21.3,-45.0,-90.0
21.32,-53.4,-106.8
21.34,-48.3,-96.6
21.36,-37.9,-75.8
21.38,-29.6,-59.2
21.4,-19.6,-39.2
21.42,-18.4,-36.8
21.44,-15.9,-31.8
21.46,-11.9,-23.8
21.48,-5.3,-10.6
21.5,0.2,0.4
21.52,5.9,11.8
21.54,-2.3,-4.6
21.56,-11.2,-22.4
21.58,-20.5,-41.0
21.6,-32.2,-64.4
21.62,-38.8,-77.6
21.64,-34.1,-68.2
21.66,-28.7,-57.4
21.68,-32.8,-65.6
21.7,-40.7,-81.4
21.72,-48.7,-97.4
21.74,-56.3,-112.6
21.76,-64.4,-128.8
21.78,-55.5,-111.0
21.8,-44.6,-89.2
21.82,-0.8,-1.6
21.84,25.3,50.6
21.86,41.1,82.2
21.88,64.4,128.8
21.9,57.9,115.8
21.92,47.4,94.8
21.94,38.4,76.8
21.96,38.5,77.0
21.98,34.0,68.0
22.0,35.7,71.4
22.02,0.8,1.6
22.04,-25.4,-50.8
22.06,-46.0,-92.0
22.08,-47.1,-94.2
22.1,-22.2,-44.4
22.12,-6.5,-13.0
22.14,16.4,32.8
22.16,35.5,71.0
22.18,50.4,100.8
22.2,37.1,74.2
22.22,28.0,56.0
22.24,15.8,31.6
22.26,4.1,8.2
22.28,-2.7,-5.4
22.3,2.1,4.2
22.32,4.4,8.8
22.34,9.9,19.8
22.36,13.5,27.0
22.38,9.4,18.8
22.4,5.8,11.6
22.42,2.2,4.4
22.44,-3.1,-6.2
22.46,-3.1,-6.2
22.48,0.4,0.8
22.5,-2.5,-5.0
22.52,-12.4,-24.8
22.54,-23.5,-47.0
22.56,-40.6,-81.2
22.58,-53.0,-106.0
22.6,-70.1,-140.2
22.62,-32.3,-64.6
22.64,-5.2,-10.4
22.66,9.4,18.8
22.68,32.8,65.6
22.7,47.8,95.6
22.72,50.9,101.8
22.74,35.8,71.6
22.76,34.2,68.4
22.78,30.6,61.2
22.8,28.5,57.0
22.82,26.3,52.6
22.84,16.8,33.6
22.86,-0.5,-1.0
22.88,-21.2,-42.4
22.9,-36.5,-73.0
22.92,-31.0,-62.0
22.94,-29.7,-59.4
22.96,-28.0,-56.0
22.98,-23.7,-47.4
23.0,-26.6,-53.2
23.02,-30.8,-61.6
23.04,-36.6,-73.2
23.06,-35.7,-71.4
23.08,-30.8,-61.6
23.1,-19.3,-38.6
23.12,1.9,3.8
23.14,19.6,39.2
23.16,16.0,32.0
23.18,12.9,25.8
23.2,14.0,28.0
23.22,11.0,22.0
23.24,10.8,21.6
23.26,9.2,18.4
23.28,8.9,17.8
23.3,1.9,3.8
23.32,-13.1,-26.2
23.34,-24.7,-49.4
23.36,-43.6,-87.2
23.38,-43.2,-86.4
23.4,-30.0,-60.0
23.42,-19.2,-38.4
23.44,-4.8,-9.6
23.46,9.7,19.4
23.48,16.8,33.6
23.5,14.8,29.6
23.52,17.3,34.6
23.54,7.8,15.6
23.56,-5.8,-11.6
23.58,-21.5,-43.0
23.6,-23.4,-46.8
23.62,6.0,12.0
23.64,26.2,52.4
23.66,26.9,53.8
23.68,8.4,16.8
23.7,-4.1,-8.2
23.72,-22.7,-45.4
23.74,-7.6,-15.2
23.76,3.1,6.2
23.78,18.2,36.4
23.8,31.0,62.0
23.82,47.9,95.8
23.84,45.9,91.8
23.86,16.6,33.2
23.88,-5.8,-11.6
23.9,-39.6,-79.2
23.92,-44.4,-88.8
23.94,-24.1,-48.2
23.96,-10.1,-20.2
23.98,21.7,43.4
24.0,26.1,52.2
24.02,12.1,24.2
24.04,0.8,1.6
24.06,-16.8,-33.6
24.08,-38.2,-76.4
24.1,-56.6,-113.2
24.12,-78.1,-156.2
24.14,-61.9,-123.8
24.16,-25.6,-51.2
24.18,4.4,8.8
24.2,45.6,91.2
24.22,78.3,156.6
24.24,110.3,220.6
24.26,95.3,190.6
24.28,48.9,97.8
24.3,12.2,24.4
24.32,-38.7,-77.4
24.34,-84.6,-169.2
24.36,-122.6,-245.2
24.38,-86.4,-172.8
24.4,-61.6,-123.2
24.42,-22.8,-45.6
24.44,15.0,30.0
24.46,47.7,95.4
24.48,32.3,64.6
24.5,24.8,49.6
24.52,9.5,19.0
24.54,22.7,45.4
24.56,33.8,67.6
24.58,50.5,101.0
24.6,59.4,118.8
24.62,51.9,103.8
24.64,55.2,110.4
24.66,59.5,119.0
24.68,61.7,123.4
24.7,59.3,118.6
24.72,46.6,93.2
24.74,15.8,31.6
24.76,-7.7,-15.4
24.78,-23.0,-46.0
24.8,-30.3,-60.6
24.82,-32.9,-65.8
24.84,-36.4,-72.8
24.86,-49.0,-98.0
24.88,-66.0,-132.0
24.9,-72.3,-144.6
24.92,-78.4,-156.8
24.94,-84.6,-169.2
24.96,-56.6,-113.2
24.98,-20.9,-41.8
25.0,12.8,25.6
25.02,38.1,76.2
25.04,48.8,97.6
25.06,36.3,72.6
25.08,25.0,50.0
25.1,15.8,31.6
25.12,37.7,75.4
25.14,59.4,118.8
25.16,63.0,126.0
25.18,37.0,74.0
25.2,21.7,43.4
25.22,4.0,8.0
25.24,2.3,4.6
25.26,-6.2,-12.4
25.28,-28.6,-57.2
25.3,-38.0,-76.0
25.32,-45.7,-91.4
25.34,-50.5,-101.0
25.36,-77.7,-155.4
25.38,-62.8,-125.6
25.4,-18.9,-37.8
25.42,18.9,37.8
25.44,50.9,101.8
25.46,74.4,148.8
25.48,74.9,149.8
25.5,56.2,112.4
25.52,45.5,91.0
25.54,52.5,105.0
25.56,63.5,127.0
25.58,73.1,146.2
25.6,85.1,170.2
25.62,92.7,185.4
25.64,97.5,195.0
25.66,92.9,185.8
25.68,81.4,162.8
25.7,26.4,52.8
25.72,-28.9,-57.8
25.74,-90.1,-180.2
25.76,-136.4,-272.8
25.78,-85.9,-171.8
25.8,-46.8,-93.6
25.82,8.1,16.2
25.84,59.4,118.8
25.86,82.3,164.6
25.88,55.6,111.2
25.9,30.1,60.2
25.92,-1.1,-2.2
25.94,-38.0,-76.0
25.96,-34.7,-69.4
25.98,-2.0,-4.0
26.0,18.0,36.0
26.02,63.3,126.6
26.04,101.3,202.6
26.06,112.2,224.4
26.08,110.7,221.4
26.1,94.0,188.0
26.12,80.5,161.0
26.14,60.8,121.6
26.16,50.8,101.6
26.18,20.6,41.2
26.2,-20.1,-40.2
26.22,-57.2,-114.4
26.24,-102.1,-204.2
26.26,-133.2,-266.4
26.28,-122.5,-245.0
26.3,-120.7,-241.4
26.32,-100.6,-201.2
26.34,-76.2,-152.4
26.36,-54.8,-109.6
26.38,-48.9,-97.8
26.4,-40.5,-81.0
26.42,-29.1,-58.2
26.44,-17.6,-35.2
26.46,-14.1,-28.2
26.48,-9.8,-19.6
26.5,-5.0,-10.0
26.52,1.9,3.8
26.54,8.0,16.0
26.56,3.5,7.0
26.58,-2.9,-5.8
26.6,-6.1,-12.2
26.62,-3.4,-6.8
26.64,-1.3,-2.6
26.66,7.6,15.2
26.68,20.5,41.0
26.7,32.7,65.4
26.72,45.0,90.0
26.74,57.7,115.4
26.76,56.2,112.4
26.78,46.4,92.8
26.8,30.0,60.0
26.82,10.7,21.4
26.84,-0.4,-0.8
26.86,-3.3,-6.6
26.88,-6.9,-13.8
26.9,-10.1,-20.2
26.92,-20.1,-40.2
26.94,-18.8,-37.6
26.96,2.5,5.0
26.98,13.4,26.8
27.0,24.3,48.6
27.02,26.6,53.2
27.04,26.5,53.0
27.06,15.5,31.0
27.08,-1.9,-3.8
27.1,-9.5,-19.0
27.12,-21.6,-43.2
27.14,-16.7,-33.4
27.16,-12.0,-24.0
27.18,-6.4,-12.8
27.2,-12.9,-25.8
27.22,-16.3,-32.6
27.24,-19.3,-38.6
27.26,-24.2,-48.4
27.28,-23.6,-47.2
27.3,-17.5,-35.0
27.32,-12.4,-24.8
27.34,-18.5,-37.0
27.36,-26.5,-53.0
27.38,-32.3,-64.6
27.4,-33.6,-67.2
27.42,-45.4,-90.8
27.44,-43.0,-86.0
27.46,-33.4,-66.8
27.48,-21.3,-42.6
27.5,-6.9,-13.8
27.52,3.0,6.0
27.54,0.3,0.6
27.56,-9.3,-18.6
27.58,-8.9,-17.8
27.6,-15.0,-30.0
27.62,-16.4,-32.8
27.64,-23.8,-47.6
27.66,-32.3,-64.6
27.68,-42.1,-84.2
27.7,-45.7,-91.4
27.72,-39.7,-79.4
27.74,-34.9,-69.8
27.76,-25.8,-51.6
27.78,-17.2,-34.4
27.8,-2.0,-4.0
27.82,15.6,31.2
27.84,28.4,56.8
27.86,36.2,72.4
27.88,35.4,70.8
27.9,26.9,53.8
27.92,10.1,20.2
27.94,-4.5,-9.0
27.96,-12.5,-25.0
27.98,-24.5,-49.0
28.0,-22.9,-45.8
28.02,-12.6,-25.2
28.04,-6.8,-13.6
28.06,1.8,3.6
28.08,9.3,18.6
28.1,20.0,40.0
28.12,28.6,57.2
28.14,36.5,73.0
28.16,31.1,62.2
28.18,18.1,36.2
28.2,2.4,4.8
28.22,-15.6,-31.2
28.24,-31.9,-63.8
28.26,-21.9,-43.8
28.28,-11.8,-23.6
28.3,1.5,3.0
28.32,15.3,30.6
28.34,29.8,59.6
28.36,24.3,48.6
28.38,13.6,27.2
28.4,10.2,20.4
28.42,2.4,4.8
28.44,-1.0,-2.0
28.46,-2.3,-4.6
28.48,-3.6,-7.2
28.5,-4.8,-9.6
28.52,-8.9,-17.8
28.54,-15.5,-31.0
28.56,-14.8,-29.6
28.58,-7.6,-15.2
28.6,0.0,0.0
28.62,-2.0,-4.0
28.64,-14.8,-29.6
28.66,-22.5,-45.0
28.68,-37.4,-74.8
28.7,-36.5,-73.0
28.72,-25.1,-50.2
28.74,-16.4,-32.8
28.76,-1.4,-2.8
28.78,15.3,30.6
28.8,30.2,60.4
28.82,39.3,78.6
28.84,40.6,81.2
28.86,38.5,77.0
28.88,32.9,65.8
28.9,18.3,36.6
28.92,12.5,25.0
28.94,7.0,14.0
28.96,-0.1,-0.2
28.98,-6.8,-13.6
29.0,-13.0,-26.0
29.02,-12.8,-25.6
29.04,-11.5,-23.0
29.06,-10.2,-20.4
29.08,-8.4,-16.8
29.1,-14.1,-28.2
29.12,-20.5,-41.0
29.14,-26.9,-53.8
29.16,-35.0,-70.0
29.18,-35.9,-71.8
29.2,-29.7,-59.4
29.22,-22.7,-45.4
29.24,1.8,3.6
29.26,9.9,19.8
29.28,20.3,40.6
29.3,25.6,51.2
29.32,19.9,39.8
29.34,16.0,32.0
29.36,10.7,21.4
29.38,15.6,31.2
29.4,19.8,39.6
29.42,24.2,48.4
29.44,14.1,28.2
29.46,5.5,11.0
29.48,-6.6,-13.2
29.5,-9.7,-19.4
29.52,-2.6,-5.2
29.54,1.6,3.2
29.56,10.0,20.0
29.58,9.4,18.8
29.6,3.9,7.8
29.62,0.0,0.0
29.64,-6.6,-13.2
29.66,-9.9,-19.8
29.68,-10.9,-21.8
29.7,-11.5,-23.0
29.72,-13.1,-26.2
29.74,-16.8,-33.6
29.76,-19.9,-39.8
29.78,-10.4,-20.8
29.8,-1.0,-2.0
29.82,5.5,11.0
29.84,12.9,25.8
29.86,20.0,40.0
29.88,19.9,39.8
29.9,16.9,33.8
29.92,14.3,28.6
29.94,10.9,21.8
29.96,12.8,25.6
29.98,15.2,30.4
30.0,13.7,27.4
30.02,11.7,23.4
30.04,9.7,19.4
30.06,6.0,12.0
30.08,-2.8,-5.6
30.1,-5.0,-10.0
30.12,-8.4,-16.8
30.14,-17.8,-35.6
30.16,-32.1,-64.2
30.18,-42.0,-84.0
30.2,-51.8,-103.6
30.22,-47.2,-94.4
30.24,-39.4,-78.8
30.26,-29.0,-58.0
30.28,-11.0,-22.0
30.3,5.0,10.0
30.32,13.2,26.4
30.34,15.7,31.4
30.36,17.7,35.4
30.38,19.5,39.0
30.4,25.5,51.0
30.42,33.1,66.2
30.44,32.8,65.6
30.46,25.2,50.4
30.48,17.3,34.6
30.5,4.5,9.0
30.52,-8.5,-17.0
30.54,-19.0,-38.0
30.56,-22.9,-45.8
30.58,-30.4,-60.8
30.6,-27.7,-55.4
30.62,-22.7,-45.4
30.64,-17.4,-34.8
30.66,-12.1,-24.2
30.68,-12.6,-25.2
30.7,-12.9,-25.8
30.72,-8.0,-16.0
30.74,-2.6,-5.2
30.76,3.9,7.8
30.78,6.5,13.0
30.8,5.5,11.0
30.82,5.0,10.0
30.84,6.4,12.8
30.86,12.6,25.2
30.88,17.9,35.8
30.9,24.3,48.6
30.92,30.7,61.4
30.94,29.8,59.6
30.96,25.1,50.2
30.98,21.6,43.2
31.0,16.3,32.6
31.02,19.2,38.4
31.04,23.4,46.8
31.06,28.2,56.4
31.08,30.1,60.2
31.1,19.6,39.2
31.12,10.6,21.2
31.14,-3.9,-7.8
31.16,-16.3,-32.6
31.18,-32.2,-64.4
31.2,-33.5,-67.0
31.22,-21.9,-43.8
31.24,-14.8,-29.6
31.26,-1.0,-2.0
31.28,1.1,2.2
31.3,-5.3,-10.6
31.32,-10.1,-20.2
31.34,-12.6,-25.2
31.36,-14.3,-28.6
31.38,-12.9,-25.8
31.4,-10.4,-20.8
31.42,-7.1,-14.2
31.44,-1.8,-3.6
31.46,3.3,6.6
31.48,8.5,17.0
31.5,15.8,31.6
31.52,23.9,47.8
31.54,31.9,63.8
31.56,34.1,68.2
31.58,31.8,63.6
31.6,21.3,42.6
31.62,7.3,14.6
31.64,0.9,1.8
31.66,-1.5,-3.0
31.68,-4.7,-9.4
31.7,-7.5,-15.0
31.72,-12.1,-24.2
31.74,-15.6,-31.2
31.76,-11.6,-23.2
31.78,-5.6,-11.2
31.8,-0.6,-1.2
31.82,-0.3,-0.6
31.84,-0.3,-0.6
31.86,1.4,2.8
31.88,4.6,9.2
31.9,7.2,14.4
31.92,8.6,17.2
31.94,9.8,19.6
31.96,12.4,24.8
31.98,14.7,29.4
32.0,17.2,34.4
32.02,20.0,40.0
32.04,25.6,51.2
32.06,31.7,63.4
32.08,28.7,57.4
32.1,23.1,46.2
32.12,10.5,21.0
32.14,-0.1,-0.2
32.16,-1.1,-2.2
32.18,-3.6,-7.2
32.2,-5.3,-10.6
32.22,-8.3,-16.6
32.24,-5.2,-10.4
32.26,-0.7,-1.4
32.28,3.7,7.4
32.3,9.6,19.2
32.32,15.5,31.0
32.34,20.5,41.0
32.36,14.3,28.6
32.38,7.3,14.6
32.4,2.1,4.2
32.42,-2.2,-4.4
32.44,-7.0,-14.0
32.46,-10.0,-20.0
32.48,-7.5,-15.0
32.5,-5.4,-10.8
32.52,-2.9,-5.8
32.54,-1.5,-3.0
32.56,0.0,0.0
32.58,-0.1,-0.2
32.6,-0.6,-1.2
32.62,-1.1,-2.2
32.64,-1.0,-2.0
32.66,-0.3,-0.6
32.68,0.1,0.2
32.7,1.6,3.2
32.72,5.3,10.6
32.74,8.6,17.2
32.76,12.6,25.2
32.78,15.4,30.8
32.8,13.1,26.2
32.82,10.2,20.4
32.84,5.6,11.2
32.86,0.6,1.2
32.88,-4.0,-8.0
32.9,-9.8,-19.6
32.92,-9.6,-19.2
32.94,-4.6,-9.2
32.96,-0.7,-1.4
32.98,3.1,6.2
33.0,4.5,9.0
33.02,6.8,13.6
33.04,5.2,10.4
33.06,4.5,9.0
33.08,1.8,3.6
33.1,-0.2,-0.4
33.12,-2.9,-5.8
33.14,-2.8,-5.6
33.16,-1.7,-3.4
33.18,-0.6,-1.2
33.2,-0.5,-1.0
33.22,-1.7,-3.4
33.24,-2.2,-4.4
33.26,-3.6,-7.2
33.28,-3.2,-6.4
33.3,-0.7,-1.4
33.32,1.4,2.8
33.34,4.1,8.2
33.36,6.5,13.0
33.38,6.3,12.6
33.4,5.2,10.4
33.42,0.6,1.2
33.44,-4.5,-9.0
33.46,-7.6,-15.2
33.48,-6.4,-12.8
33.5,-6.5,-13.0
33.52,-10.7,-21.4
33.54,-16.1,-32.2
33.56,-17.4,-34.8
33.58,-11.7,-23.4
33.6,-7.0,-14.0
33.62,-3.6,-7.2
33.64,-2.5,-5.0
33.66,-0.2,-0.4
33.68,0.4,0.8
33.7,3.6,7.2
33.72,8.2,16.4
33.74,11.5,23.0
33.76,7.0,14.0
33.78,3.8,7.6
33.8,-1.0,-2.0
33.82,-2.5,-5.0
33.84,-3.4,-6.8
33.86,-4.1,-8.2
33.88,-4.5,-9.0
33.9,-6.5,-13.0
33.92,-12.0,-24.0
33.94,-11.7,-23.4
33.96,-10.8,-21.6
33.98,-9.8,-19.6
34.0,-8.1,-16.2
34.02,-7.6,-15.2
34.04,-11.0,-22.0
34.06,-13.8,-27.6
34.08,-16.6,-33.2
34.1,-14.4,-28.8
34.12,-13.0,-26.0
34.14,-11.1,-22.2
34.16,-10.8,-21.6
34.18,-9.8,-19.6
34.2,-9.8,-19.6
34.22,-6.3,-12.6
34.24,-0.2,-0.4
34.26,5.4,10.8
34.28,11.0,22.0
34.3,15.2,30.4
34.32,19.7,39.4
34.34,17.0,34.0
34.36,14.0,28.0
34.38,10.3,20.6
34.4,6.4,12.8
34.42,1.0,2.0
34.44,-6.7,-13.4
34.46,-10.5,-21.0
34.48,-12.2,-24.4
34.5,-13.8,-27.6
34.52,-16.6,-33.2
34.54,-21.5,-43.0
34.56,-26.9,-53.8
34.58,-27.4,-54.8
34.6,-21.7,-43.4
34.62,-17.8,-35.6
34.64,-11.6,-23.2
34.66,-6.1,-12.2
34.68,0.0,0.0
34.7,5.4,10.8
34.72,9.9,19.8
34.74,14.4,28.8
34.76,18.7,37.4
34.78,23.2,46.4
34.8,26.2,52.4
34.82,25.5,51.0
34.84,22.7,45.4
34.86,17.1,34.2
34.88,12.7,25.4
34.9,5.4,10.8
34.92,-4.7,-9.4
34.94,-14.9,-29.8
34.96,-21.0,-42.0
34.98,-25.4,-50.8
35.0,-25.2,-50.4
35.02,-24.5,-49.0
35.04,-22.6,-45.2
35.06,-17.9,-35.8
35.08,-13.6,-27.2
35.1,-8.2,-16.4
35.12,-1.4,-2.8
35.14,4.4,8.8
35.16,8.9,17.8
35.18,9.7,19.4
35.2,10.0,20.0
35.22,10.0,20.0
35.24,10.4,20.8
35.26,13.6,27.2
35.28,12.1,24.2
35.3,10.0,20.0
35.32,7.2,14.4
35.34,1.9,3.8
35.36,-2.8,-5.6
35.38,-8.3,-16.6
35.4,-13.1,-26.2
35.42,-19.0,-38.0
35.44,-19.4,-38.8
35.46,-13.9,-27.8
35.48,-10.0,-20.0
35.5,-4.4,-8.8
35.52,-4.4,-8.8
35.54,-4.0,-8.0
35.56,-4.5,-9.0
35.58,-4.9,-9.8
35.6,-3.9,-7.8
35.62,-2.1,-4.2
35.64,-2.2,-4.4
35.66,-1.6,-3.2
35.68,-1.6,-3.2
35.7,-1.2,-2.4
35.72,-1.2,-2.4
35.74,2.8,5.6
35.76,6.8,13.6
35.78,11.5,23.0
35.8,9.6,19.2
35.82,5.6,11.2
35.84,1.7,3.4
35.86,-3.1,-6.2
35.88,-7.8,-15.6
35.9,-9.2,-18.4
35.92,-9.2,-18.4
35.94,-9.5,-19.0
35.96,-9.2,-18.4
35.98,-8.6,-17.2
36.0,-5.2,-10.4
36.02,-2.2,-4.4
36.04,1.4,2.8
36.06,3.8,7.6
36.08,3.4,6.8
36.1,3.4,6.8
36.12,2.9,5.8
36.14,4.0,8.0
36.16,5.4,10.8
36.18,6.7,13.4
36.2,8.5,17.0
36.22,8.7,17.4
36.24,7.7,15.4
36.26,7.0,14.0
36.28,6.1,12.2
36.3,7.5,15.0
36.32,8.7,17.4
36.34,10.2,20.4
36.36,11.1,22.2
36.38,9.0,18.0
36.4,7.5,15.0
36.42,5.3,10.6
36.44,6.2,12.4
36.46,7.9,15.8
36.48,9.7,19.4
36.5,11.8,23.6
36.52,13.5,27.0
36.54,10.5,21.0
36.56,7.7,15.4
36.58,4.4,8.8
36.6,1.2,2.4
36.62,-2.1,-4.2
36.64,-4.2,-8.4
36.66,-6.8,-13.6
36.68,-8.7,-17.4
36.7,-12.0,-24.0
36.72,-15.9,-31.8
36.74,-19.8,-39.6
36.76,-23.3,-46.6
36.78,-25.8,-51.6
36.8,-27.0,-54.0
36.82,-27.8,-55.6
36.84,-28.7,-57.4
36.86,-27.8,-55.6
36.88,-27.0,-54.0
36.9,-25.8,-51.6
36.92,-25.1,-50.2
36.94,-21.9,-43.8
36.96,-17.3,-34.6
36.98,-12.9,-25.8
37.0,-10.9,-21.8
37.02,-10.5,-21.0
37.04,-9.5,-19.0
37.06,-9.1,-18.2
37.08,-7.2,-14.4
37.1,-5.9,-11.8
37.12,-4.0,-8.0
37.14,-2.3,-4.6
37.16,1.8,3.6
37.18,3.5,7.0
37.2,4.2,8.4
37.22,4.8,9.6
37.24,4.3,8.6
37.26,4.3,8.6
37.28,3.8,7.6
37.3,3.6,7.2
37.32,3.2,6.4
37.34,4.7,9.4
37.36,6.3,12.6
37.38,8.5,17.0
37.4,11.0,22.0
37.42,13.4,26.8
37.44,16.0,32.0
37.46,18.1,36.2
37.48,17.3,34.6
37.5,16.8,33.6
37.52,15.9,31.8
37.54,14.7,29.4
37.56,10.8,21.6
37.58,6.8,13.6
37.6,3.2,6.4
37.62,0.9,1.8
37.64,1.9,3.8
37.66,2.8,5.6
37.68,4.0,8.0
37.7,5.4,10.8
37.72,6.9,13.8
37.74,9.5,19.0
37.76,11.7,23.4
37.78,14.3,28.6
37.8,14.3,28.6
37.82,12.5,25.0
37.84,12.2,24.4
37.86,12.4,24.8
37.88,12.6,25.2
37.9,13.0,26.0
37.92,13.3,26.6
37.94,10.6,21.2
37.96,7.9,15.8
37.98,4.6,9.2
38.0,2.0,4.0
38.02,0.5,1.0
38.04,-1.1,-2.2
38.06,-2.5,-5.0
38.08,-1.1,-2.2
38.1,1.8,3.6
38.12,4.3,8.6
38.14,7.6,15.2
38.16,10.3,20.6
38.18,13.3,26.6
38.2,10.1,20.2
38.22,6.2,12.4
38.24,1.8,3.6
38.26,-2.7,-5.4
38.28,-8.0,-16.0
38.3,-8.9,-17.8
38.32,-5.4,-10.8
38.34,-3.0,-6.0
38.36,0.6,1.2
38.38,1.2,2.4
38.4,2.2,4.4
38.42,2.7,5.4
38.44,3.2,6.4
38.46,4.8,9.6
38.48,6.9,13.8
38.5,8.9,17.8
38.52,11.2,22.4
38.54,13.3,26.6
38.56,14.0,28.0
38.58,13.7,27.4
38.6,14.0,28.0
38.62,13.5,27.0
38.64,13.9,27.8
38.66,10.2,20.4
38.68,3.0,6.0
38.7,-3.2,-6.4
38.72,-6.3,-12.6
38.74,-8.5,-17.0
38.76,-11.2,-22.4
38.78,-15.7,-31.4
38.8,-19.7,-39.4
38.82,-18.8,-37.6
38.84,-18.2,-36.4
38.86,-17.0,-34.0
38.88,-15.6,-31.2
38.9,-14.2,-28.4
38.92,-12.9,-25.8
38.94,-12.5,-25.0
38.96,-12.0,-24.0
38.98,-11.6,-23.2
39.0,-11.4,-22.8
39.02,-10.6,-21.2
39.04,-6.4,-12.8
39.06,-2.1,-4.2
39.08,0.2,0.4
39.1,-0.4,-0.8
39.12,-0.4,-0.8
39.14,-1.4,-2.8
39.16,-1.9,-3.8
39.18,-0.8,-1.6
39.2,1.1,2.2
39.22,2.7,5.4
39.24,5.0,10.0
39.26,5.3,10.6
39.28,4.2,8.4
39.3,3.0,6.0
39.32,1.1,2.2
39.34,-0.5,-1.0
39.36,-2.4,-4.8
39.38,-2.0,-4.0
39.4,-0.7,-1.4
39.42,0.4,0.8
39.44,1.9,3.8
39.46,3.3,6.6
39.48,4.8,9.6
39.5,5.7,11.4
39.52,6.5,13.0
39.54,7.4,14.8
39.56,8.1,16.2
39.58,9.1,18.2
39.6,12.7,25.4
39.62,16.9,33.8
39.64,14.4,28.8
39.66,10.5,21.0
39.68,7.0,14.0
39.7,3.5,7.0
39.72,0.2,0.4
39.74,-3.2,-6.4
39.76,-6.4,-12.8
39.78,-9.5,-19.0
39.8,-9.1,-18.2
39.82,-8.3,-16.6
39.84,-7.3,-14.6
39.86,-5.1,-10.2
39.88,-3.0,-6.0
39.9,-0.4,-0.8
39.92,3.3,6.6
39.94,5.2,10.4
39.96,4.4,8.8
39.98,4.0,8.0
40.0,3.0,6.0
40.02,2.0,4.0
40.04,1.0,2.0
40.06,0.1,0.2
40.08,-1.0,-2.0
40.1,-1.4,-2.8
40.12,0.2,0.4
40.14,1.6,3.2
40.16,3.0,6.0
40.18,2.3,4.6
40.2,1.6,3.2
40.22,1.6,3.2
40.24,2.6,5.2
40.26,3.2,6.4
40.28,4.5,9.0
40.3,4.6,9.2
40.32,2.1,4.2
40.34,-0.3,-0.6
40.36,-3.0,-6.0
40.38,-6.0,-12.0
40.4,-8.7,-17.4
40.42,-11.6,-23.2
40.44,-10.7,-21.4
40.46,-9.4,-18.8
40.48,-7.8,-15.6
40.5,-6.8,-13.6
40.52,-6.3,-12.6
40.54,-5.7,-11.4
40.56,-5.0,-10.0
40.58,-4.1,-8.2
40.6,-3.3,-6.6
40.62,-2.4,-4.8
40.64,-1.4,-2.8
40.66,-0.5,-1.0
40.68,0.4,0.8
40.7,1.3,2.6
40.72,2.1,4.2
40.74,0.1,0.2
40.76,-1.8,-3.6
40.78,-4.0,-8.0
40.8,-6.4,-12.8
40.82,-8.7,-17.4
40.84,-11.0,-22.0
40.86,-12.9,-25.8
40.88,-15.1,-30.2
40.9,-16.5,-33.0
40.92,-17.4,-34.8
40.94,-18.4,-36.8
40.96,-19.4,-38.8
40.98,-20.2,-40.4
41.0,-21.3,-42.6
41.02,-19.8,-39.6
41.04,-17.3,-34.6
41.06,-13.5,-27.0
41.08,-6.5,-13.0
41.1,-1.4,-2.8
41.12,2.0,4.0
41.14,5.5,11.0
41.16,8.2,16.4
41.18,8.9,17.8
41.2,10.2,20.4
41.22,9.3,18.6
41.24,8.0,16.0
41.26,6.1,12.2
41.28,3.3,6.6
41.3,0.3,0.6
41.32,-2.4,-4.8
41.34,-5.7,-11.4
41.36,-4.5,-9.0
41.38,-1.3,-2.6
41.4,1.3,2.6
41.42,3.3,6.6
41.44,4.8,9.6
41.46,5.4,10.8
41.48,5.8,11.6
41.5,6.2,12.4
41.52,6.5,13.0
41.54,6.9,13.8
41.56,7.2,14.4
41.58,7.5,15.0
41.6,7.7,15.4
41.62,7.3,14.6
41.64,6.9,13.8
41.66,6.4,12.8
41.68,5.8,11.6
41.7,5.4,10.8
41.72,4.8,9.6
41.74,6.1,12.2
41.76,7.9,15.8
41.78,9.6,19.2
41.8,11.4,22.8
41.82,12.6,25.2
41.84,13.9,27.8
41.86,13.1,26.2
41.88,12.3,24.6
41.9,11.4,22.8
41.92,10.3,20.6
41.94,8.7,17.4
41.96,7.2,14.4
41.98,5.6,11.2
42.0,4.0,8.0
42.02,2.4,4.8
42.04,0.7,1.4
42.06,0.4,0.8
42.08,0.8,1.6
42.1,0.9,1.8
42.12,2.3,4.6
42.14,4.2,8.4
42.16,5.2,10.4
42.18,6.1,12.2
42.2,7.2,14.4
42.22,7.9,15.8
42.24,8.9,17.8
42.26,9.5,19.0
42.28,9.5,19.0
42.3,9.3,18.6
42.32,8.9,17.8
42.34,2.5,5.0
42.36,0.0,0.0
42.38,-0.5,-1.0
42.4,-2.0,-4.0
42.42,-2.4,-4.8
42.44,-3.3,-6.6
42.46,-4.8,-9.6
42.48,-6.4,-12.8
42.5,-8.0,-16.0
42.52,-9.7,-19.4
42.54,-11.4,-22.8
42.56,-12.8,-25.6
42.58,-10.6,-21.2
42.6,-8.9,-17.8
42.62,-6.6,-13.2
42.64,-4.3,-8.6
42.66,-1.9,-3.8
42.68,-1.1,-2.2
42.7,-0.9,-1.8
42.72,-0.5,-1.0
42.74,-0.4,-0.8
42.76,0.5,1.0
42.78,1.4,2.8
42.8,2.4,4.8
42.82,3.5,7.0
42.84,4.3,8.6
42.86,4.4,8.8
42.88,3.9,7.8
42.9,1.3,2.6
42.92,-0.8,-1.6
42.94,-3.6,-7.2
42.96,-4.7,-9.4
42.98,-5.5,-11.0
43.0,-6.2,-12.4
43.02,-6.8,-13.6
43.04,-7.3,-14.6
43.06,-8.0,-16.0
43.08,-7.5,-15.0
43.1,-6.4,-12.8
43.12,-2.8,-5.6
43.14,0.5,1.0
43.16,4.6,9.2
43.18,6.5,13.0
43.2,6.0,12.0
43.22,6.0,12.0
43.24,5.4,10.8
43.26,4.9,9.8
43.28,4.4,8.8
43.3,3.9,7.8
43.32,2.9,5.8
43.34,0.0,0.0
43.36,-2.6,-5.2
43.38,-5.2,-10.4
43.4,-4.2,-8.4
43.42,-3.7,-7.4
43.44,-2.5,-5.0
43.46,-1.5,-3.0
43.48,-0.2,-0.4
43.5,0.2,0.4
43.52,0.0,0.0
43.54,-0.1,-0.2
43.56,-0.4,-0.8
43.58,-0.7,-1.4
43.6,-0.6,-1.2
43.62,-0.1,-0.2
43.64,0.3,0.6
43.66,0.7,1.4
43.68,-0.1,-0.2
43.7,-0.7,-1.4
43.72,-1.5,-3.0
43.74,-2.4,-4.8
43.76,-2.9,-5.8
43.78,-2.8,-5.6
43.8,-2.8,-5.6
43.82,-2.5,-5.0
43.84,-2.4,-4.8
43.86,-2.1,-4.2
43.88,-2.7,-5.4
43.9,-4.4,-8.8
43.92,-5.8,-11.6
43.94,-7.6,-15.2
43.96,-8.4,-16.8
43.98,-8.2,-16.4
44.0,-8.3,-16.6
44.02,-7.5,-15.0
44.04,-5.0,-10.0
44.06,-2.8,-5.6
44.08,-0.2,-0.4
44.1,1.8,3.6
44.12,1.8,3.6
44.14,2.1,4.2
44.16,2.1,4.2
44.18,2.1,4.2
44.2,3.1,6.2
44.22,4.3,8.6
44.24,4.9,9.8
44.26,4.9,9.8
44.28,4.9,9.8
44.3,4.8,9.6
44.32,4.7,9.4
44.34,5.2,10.4
44.36,6.7,13.4
44.38,7.9,15.8
44.4,9.5,19.0
44.42,9.7,19.4
44.44,9.6,19.2
44.46,9.6,19.2
44.48,9.3,18.6
44.5,9.1,18.2
44.52,8.9,17.8
44.54,8.7,17.4
44.56,8.4,16.8
44.58,8.2,16.4
44.6,8.0,16.0
44.62,7.7,15.4
44.64,6.2,12.4
44.66,4.7,9.4
44.68,3.5,7.0
44.7,3.6,7.2
44.72,3.4,6.8
44.74,3.5,7.0
44.76,3.6,7.2
44.78,3.2,6.4
44.8,1.9,3.8
44.82,1.5,3.0
44.84,1.4,2.8
44.86,1.2,2.4
44.88,1.2,2.4
44.9,1.1,2.2
44.92,0.0,0.0
44.94,-1.0,-2.0
44.96,-2.0,-4.0
44.98,-2.5,-5.0
45.0,-2.9,-5.8
45.02,-3.3,-6.6
45.04,-3.7,-7.4
45.06,-4.8,-9.6
45.08,-6.3,-12.6
45.1,-7.7,-15.4
45.12,-9.2,-18.4
45.14,-10.7,-21.4
45.16,-12.2,-24.4
45.18,-13.8,-27.6
45.2,-14.3,-28.6
45.22,-12.0,-24.0
45.24,-10.3,-20.6
45.26,-7.8,-15.6
45.28,-6.7,-13.4
45.3,-6.3,-12.6
45.32,-5.8,-11.6
45.34,-5.6,-11.2
45.36,-5.3,-10.6
45.38,-5.0,-10.0
45.4,-4.8,-9.6
45.42,-4.5,-9.0
45.44,-4.2,-8.4
45.46,-3.9,-7.8
45.48,-3.1,-6.2
45.5,-2.6,-5.2
45.52,-1.1,-2.2
45.54,1.0,2.0
45.56,3.1,6.2
45.58,4.6,9.2
45.6,4.8,9.6
45.62,5.4,10.8
45.64,5.5,11.0
45.66,6.3,12.6
45.68,8.4,16.8
45.7,10.1,20.2
45.72,8.4,16.8
45.74,7.1,14.2
45.76,5.3,10.6
45.78,3.3,6.6
45.8,2.8,5.6
45.82,2.9,5.8
45.84,2.8,5.6
45.86,2.7,5.4
45.88,1.2,2.4
45.9,-0.1,-0.2
45.92,-1.0,-2.0
45.94,-1.1,-2.2
45.96,-1.6,-3.2
45.98,-1.5,-3.0
46.0,-3.1,-6.2
46.02,-6.8,-13.6
46.04,-9.9,-19.8
46.06,-10.2,-20.4
46.08,-10.5,-21.0
46.1,-10.6,-21.2
46.12,-9.9,-19.8
46.14,-8.9,-17.8
46.16,-7.9,-15.8
46.18,-7.4,-14.8
46.2,-7.2,-14.4
46.22,-6.8,-13.6
46.24,-6.7,-13.4
46.26,-6.3,-12.6
46.28,-4.0,-8.0
46.3,-1.3,-2.6
46.32,1.3,2.6
46.34,4.3,8.6
46.36,7.1,14.2
46.38,9.9,19.8
46.4,8.6,17.2
46.42,6.3,12.6
46.44,4.1,8.2
46.46,1.3,2.6
46.48,-1.4,-2.8
46.5,-3.5,-7.0
46.52,-3.7,-7.4
46.54,-4.4,-8.8
46.56,-4.6,-9.2
46.58,-4.9,-9.8
46.6,-5.1,-10.2
46.62,-5.4,-10.8
46.64,-5.6,-11.2
46.66,-5.8,-11.6
46.68,-4.6,-9.2
46.7,-2.9,-5.8
46.72,-1.3,-2.6
46.74,0.7,1.4
46.76,1.7,3.4
46.78,1.9,3.8
46.8,2.5,5.0
46.82,2.5,5.0
46.84,3.5,7.0
46.86,5.0,10.0
46.88,6.4,12.8
46.9,8.0,16.0
46.92,9.4,18.8
46.94,9.7,19.4
46.96,10.2,20.4
46.98,10.5,21.0
47.0,10.8,21.6
47.02,11.0,22.0
47.04,10.4,20.8
47.06,9.9,19.8
47.08,9.3,18.6
47.1,8.6,17.2
47.12,7.9,15.8
47.14,7.2,14.4
47.16,6.3,12.6
47.18,5.5,11.0
47.2,4.6,9.2
47.22,3.8,7.6
47.24,3.1,6.2
47.26,2.7,5.4
47.28,2.1,4.2
47.3,1.7,3.4
47.32,1.2,2.4
47.34,0.7,1.4
47.36,0.3,0.6
47.38,0.8,1.6
47.4,1.3,2.6
47.42,1.9,3.8
47.44,2.2,4.4
47.46,0.9,1.8
47.48,-0.3,-0.6
47.5,-1.7,-3.4
47.52,-3.1,-6.2
47.54,-4.7,-9.4
47.56,-5.3,-10.6
47.58,-4.8,-9.6
47.6,-4.3,-8.6
47.62,-3.8,-7.6
47.64,-2.5,-5.0
47.66,-0.9,-1.8
47.68,0.7,1.4
47.7,1.7,3.4
47.72,2.2,4.4
47.74,3.5,7.0
47.76,6.1,12.2
47.78,8.3,16.6
47.8,11.2,22.4
47.82,10.7,21.4
47.84,8.7,17.4
47.86,7.1,14.2
47.88,4.7,9.4
47.9,2.7,5.4
47.92,0.4,0.8
47.94,-1.6,-3.2
47.96,-2.4,-4.8
47.98,-3.3,-6.6
48.0,-4.6,-9.2
48.02,-6.9,-13.8
48.04,-8.4,-16.8
48.06,-8.8,-17.6
48.08,-9.3,-18.6
48.1,-9.5,-19.0
48.12,-9.7,-19.4
48.14,-9.9,-19.8
48.16,-10.1,-20.2
48.18,-10.2,-20.4
48.2,-9.8,-19.6
48.22,-9.5,-19.0
48.24,-9.0,-18.0
48.26,-8.7,-17.4
48.28,-8.9,-17.8
48.3,-9.1,-18.2
48.32,-9.3,-18.6
48.34,-9.6,-19.2
48.36,-9.7,-19.4
48.38,-8.8,-17.6
48.4,-8.1,-16.2
48.42,-7.1,-14.2
48.44,-6.8,-13.6
48.46,-6.8,-13.6
48.48,-6.7,-13.4
48.5,-6.7,-13.4
48.52,-6.6,-13.2
48.54,-6.6,-13.2
48.56,-6.4,-12.8
48.58,-5.6,-11.2
48.6,-5.0,-10.0
48.62,-4.3,-8.6
48.64,-3.4,-6.8
48.66,-2.3,-4.6
48.68,-1.3,-2.6
48.7,-0.2,-0.4
48.72,1.0,2.0
48.74,1.7,3.4
48.76,0.9,1.8
48.78,0.3,0.6
48.8,-0.5,-1.0
48.82,-1.4,-2.8
48.84,-0.7,-1.4
48.86,0.6,1.2
48.88,1.6,3.2
48.9,1.3,2.6
48.92,1.2,2.4
48.94,0.8,1.6
48.96,0.5,1.0
48.98,0.0,0.0
49.0,0.2,0.4
49.02,0.9,1.8
49.04,1.4,2.8
49.06,2.1,4.2
49.08,2.2,4.4
49.1,1.0,2.0
49.12,0.0,0.0
49.14,-1.2,-2.4
49.16,-2.4,-4.8
49.18,-2.4,-4.8
49.2,-1.9,-3.8
49.22,-1.6,-3.2
49.24,-1.8,-3.6
49.26,-2.2,-4.4
49.28,-2.7,-5.4
49.3,-3.0,-6.0
49.32,-2.6,-5.2
49.34,-2.2,-4.4
49.36,-2.2,-4.4
49.38,-3.2,-6.4
49.4,-4.1,-8.2
49.42,-5.1,-10.2
49.44,-4.6,-9.2
49.46,-4.3,-8.6
49.48,-3.8,-7.6
49.5,-3.2,-6.4
49.52,-2.6,-5.2
49.54,-2.0,-4.0
49.56,-1.9,-3.8
49.58,-1.8,-3.6
49.6,-1.5,-3.0
49.62,1.3,2.6
49.64,4.1,8.2
49.66,6.7,13.4
49.68,7.0,14.0
49.7,7.6,15.2
49.72,7.8,15.6
49.74,8.0,16.0
49.76,8.1,16.2
49.78,8.4,16.8
49.8,7.8,15.6
49.82,6.1,12.2
49.84,4.8,9.6
49.86,3.1,6.2
49.88,2.9,5.8
49.9,3.0,6.0
49.92,3.2,6.4
49.94,3.5,7.0
49.96,3.7,7.4
49.98,2.4,4.8
50.0,0.7,1.4
50.02,-0.8,-1.6
50.04,-2.8,-5.6
50.06,-3.5,-7.0
50.08,-2.2,-4.4
50.1,-1.3,-2.6
50.12,0.1,0.2
50.14,0.3,0.6
50.16,0.1,0.2
50.18,-0.1,-0.2
50.2,-0.5,-1.0
50.22,-0.8,-1.6
50.24,-1.1,-2.2
50.26,-1.5,-3.0
50.28,-1.2,-2.4
50.3,-0.8,-1.6
50.32,-0.4,-0.8
50.34,0.1,0.2
50.36,0.5,1.0
50.38,0.8,1.6
50.4,0.8,1.6
50.42,0.9,1.8
50.44,1.0,2.0
50.46,2.2,4.4
50.48,3.3,6.6
50.5,4.6,9.2
50.52,5.9,11.8
50.54,7.2,14.4
50.56,7.9,15.8
50.58,6.2,12.4
50.6,5.0,10.0
50.62,3.2,6.4
50.64,1.6,3.2
50.66,-0.4,-0.8
50.68,0.0,0.0
50.7,3.0,6.0
50.72,5.2,10.4
50.74,8.7,17.4
50.76,8.2,16.4
50.78,3.1,6.2
50.8,-0.2,-0.4
50.82,-6.2,-12.4
50.84,-2.8,-5.6
50.86,5.8,11.6
50.88,13.0,26.0
50.9,22.1,44.2
50.92,18.5,37.0
50.94,9.4,18.8
50.96,9.1,18.2
50.98,7.7,15.4
51.0,9.0,18.0
51.02,1.6,3.2
51.04,-8.4,-16.8
51.06,-20.0,-40.0
51.08,-14.8,-29.6
51.1,-0.7,-1.4
51.12,10.7,21.4
51.14,9.9,19.8
51.16,4.8,9.6
51.18,0.3,0.6
51.2,-6.9,-13.8
51.22,-10.7,-21.4
51.24,-1.5,-3.0
51.26,6.9,13.8
51.28,13.8,27.6
51.3,6.7,13.4
51.32,2.0,4.0
51.34,3.5,7.0
51.36,9.0,18.0
51.38,8.6,17.2
51.4,5.2,10.4
51.42,2.4,4.8
51.44,1.6,3.2
51.46,1.3,2.6
51.48,-1.1,-2.2
51.5,-3.4,-6.8
51.52,-6.7,-13.4
51.54,-5.4,-10.8
51.56,-2.0,-4.0
51.58,1.4,2.8
51.6,4.8,9.6
51.62,9.7,19.4
51.64,5.8,11.6
51.66,-4.8,-9.6
51.68,-11.9,-23.8
51.7,-9.5,-19.0
51.72,-6.0,-12.0
51.74,-2.4,-4.8
51.76,3.2,6.4
51.78,3.8,7.6
51.8,1.4,2.8
51.82,-0.1,-0.2
51.84,-0.7,-1.4
51.86,0.6,1.2
51.88,1.0,2.0
51.9,2.4,4.8
51.92,1.3,2.6
51.94,0.4,0.8
51.96,-0.8,-1.6
51.98,-2.7,-5.4
52.0,-5.5,-11.0
52.02,-8.4,-16.8
52.04,-9.3,-18.6
52.06,-6.1,-12.2
52.08,-3.6,-7.2
52.1,-0.2,-0.4
52.12,3.3,6.6
52.14,3.7,7.4
52.16,-1.4,-2.8
52.18,-4.5,-9.0
52.2,-10.3,-20.6
52.22,-7.7,-15.4
52.24,-2.3,-4.6
52.26,3.1,6.2
52.28,4.1,8.2
52.3,2.6,5.2
52.32,1.3,2.6
52.34,1.5,3.0
52.36,6.1,12.2
52.38,7.3,14.6
52.4,7.4,14.8
52.42,7.6,15.2
52.44,7.3,14.6
52.46,7.1,14.2
52.48,5.7,11.4
52.5,3.8,7.6
52.52,2.1,4.2
52.54,-0.2,-0.4
52.56,-3.3,-6.6
52.58,-6.4,-12.8
52.6,-6.8,-13.6
52.62,-5.1,-10.2
52.64,-5.4,-10.8
52.66,-5.4,-10.8
52.68,-5.7,-11.4
52.7,-3.3,-6.6
52.72,0.0,0.0
52.74,3.3,6.6
52.76,7.0,14.0
52.78,9.6,19.2
52.8,8.5,17.0
52.82,8.0,16.0
52.84,6.8,13.6
52.86,7.5,15.0
52.88,7.7,15.4
52.9,8.5,17.0
52.92,6.1,12.2
52.94,3.7,7.4
52.96,0.7,1.4
52.98,-0.1,-0.2
53.0,0.4,0.8
53.02,0.5,1.0
53.04,-1.0,-2.0
53.06,-2.9,-5.8
53.08,-4.6,-9.2
53.1,-6.9,-13.8
53.12,-6.5,-13.0
53.14,-4.4,-8.8
53.16,-2.8,-5.6
53.18,-0.7,-1.4
53.2,-2.3,-4.6
53.22,-3.3,-6.6
53.24,-5.1,-10.2
53.26,-6.0,-12.0
53.28,-5.6,-11.2
53.3,-5.4,-10.8
53.32,-5.0,-10.0
53.34,-6.6,-13.2
53.36,-9.1,-18.2
53.38,-11.4,-22.8
53.4,-14.0,-28.0
53.42,-13.8,-27.6
53.44,-14.0,-28.0
53.46,-12.1,-24.2
53.48,-9.6,-19.2
53.5,-7.4,-14.8
53.52,-4.6,-9.2
53.54,-3.4,-6.8
53.56,-4.2,-8.4
53.58,-4.5,-9.0
53.6,-5.5,-11.0
53.62,-6.3,-12.6
53.64,-7.2,-14.4
53.66,-8.0,-16.0
53.68,-7.3,-14.6
53.7,-5.2,-10.4
53.72,-3.7,-7.4
53.74,-2.6,-5.2
53.76,-1.4,-2.8
53.78,0.0,0.0
53.8,0.0,0.0
53.82,0.0,0.0
53.84,0.0,0.0
53.86,0.0,0.0
53.88,0.0,0.0
53.9,0.0,0.0
53.92,0.0,0.0
53.94,0.0,0.0
53.96,0.0,0.0
53.98,0.0,0.0
54.0,0.0,0.0
54.02,0.0,0.0
54.04,0.0,0.0
54.06,0.0,0.0
54.08,0.0,0.0
54.1,0.0,0.0
54.12,0.0,0.0
54.14,0.0,0.0
54.16,0.0,0.0
54.18,0.0,0.0
54.2,0.0,0.0
54.22,0.0,0.0
54.24,0.0,0.0
54.26,0.0,0.0
54.28,0.0,0.0
54.3,0.0,0.0
54.32,0.0,0.0
54.34,0.0,0.0
54.36,0.0,0.0
54.38,0.0,0.0
54.4,0.0,0.0
54.42,0.0,0.0
54.44,0.0,0.0
54.46,0.0,0.0
54.48,0.0,0.0
54.5,0.0,0.0
54.52,0.0,0.0
54.54,0.0,0.0
54.56,0.0,0.0
54.58,0.0,0.0
54.6,0.0,0.0
54.62,0.0,0.0
54.64,0.0,0.0
54.66,0.0,0.0
54.68,0.0,0.0
54.7,0.0,0.0
54.72,0.0,0.0
54.74,0.0,0.0
54.76,0.0,0.0
54.78,0.0,0.0
54.8,0.0,0.0
54.82,0.0,0.0
54.84,0.0,0.0
54.86,0.0,0.0
54.88,0.0,0.0
54.9,0.0,0.0
54.92,0.0,0.0
54.94,0.0,0.0
54.96,0.0,0.0
54.98,0.0,0.0
55.0,0.0,0.0
55.02,0.0,0.0
55.04,0.0,0.0
55.06,0.0,0.0
55.08,0.0,0.0
55.1,0.0,0.0
55.12,0.0,0.0
55.14,0.0,0.0
55.16,0.0,0.0
55.18,0.0,0.0
55.2,0.0,0.0
55.22,0.0,0.0
55.24,0.0,0.0
55.26,0.0,0.0
55.28,0.0,0.0
55.3,0.0,0.0
55.32,0.0,0.0
55.34,0.0,0.0
55.36,0.0,0.0
55.38,0.0,0.0
55.4,0.0,0.0
55.42,0.0,0.0
55.44,0.0,0.0
55.46,0.0,0.0
55.48,0.0,0.0
55.5,0.0,0.0
55.52,0.0,0.0
55.54,0.0,0.0
55.56,0.0,0.0
55.58,0.0,0.0
55.6,0.0,0.0
55.62,0.0,0.0
55.64,0.0,0.0
55.66,0.0,0.0
55.68,0.0,0.0
55.7,0.0,0.0
55.72,0.0,0.0
55.74,0.0,0.0
55.76,0.0,0.0
55.78,0.0,0.0
55.8,0.0,0.0
55.82,0.0,0.0
55.84,0.0,0.0
55.86,0.0,0.0
55.88,0.0,0.0
55.9,0.0,0.0
55.92,0.0,0.0
55.94,0.0,0.0
55.96,0.0,0.0
55.98,0.0,0.0
56.0,0.0,0.0
56.02,0.0,0.0
56.04,0.0,0.0
56.06,0.0,0.0
56.08,0.0,0.0
56.1,0.0,0.0
56.12,0.0,0.0
56.14,0.0,0.0
56.16,0.0,0.0
56.18,0.0,0.0
56.2,0.0,0.0
56.22,0.0,0.0
56.24,0.0,0.0
56.26,0.0,0.0
56.28,0.0,0.0
56.3,0.0,0.0
56.32,0.0,0.0
56.34,0.0,0.0
56.36,0.0,0.0
56.38,0.0,0.0
56.4,0.0,0.0
56.42,0.0,0.0
56.44,0.0,0.0
56.46,0.0,0.0
56.48,0.0,0.0
56.5,0.0,0.0
56.52,0.0,0.0
56.54,0.0,0.0
56.56,0.0,0.0
56.58,0.0,0.0
56.6,0.0,0.0
56.62,0.0,0.0
56.64,0.0,0.0
56.66,0.0,0.0
56.68,0.0,0.0
56.7,0.0,0.0
56.72,0.0,0.0
56.74,0.0,0.0
56.76,0.0,0.0
56.78,0.0,0.0
56.8,0.0,0.0
56.82,0.0,0.0
56.84,0.0,0.0
56.86,0.0,0.0
56.88,0.0,0.0
56.9,0.0,0.0
56.92,0.0,0.0
56.94,0.0,0.0
56.96,0.0,0.0
56.98,0.0,0.0
57.0,0.0,0.0
57.02,0.0,0.0
57.04,0.0,0.0
57.06,0.0,0.0
57.08,0.0,0.0
57.1,0.0,0.0
57.12,0.0,0.0
57.14,0.0,0.0
57.16,0.0,0.0
57.18,0.0,0.0
57.2,0.0,0.0
57.22,0.0,0.0
57.24,0.0,0.0
57.26,0.0,0.0
57.28,0.0,0.0
57.3,0.0,0.0
57.32,0.0,0.0
57.34,0.0,0.0
57.36,0.0,0.0
57.38,0.0,0.0
57.4,0.0,0.0
57.42,0.0,0.0
57.44,0.0,0.0
57.46,0.0,0.0
57.48,0.0,0.0
57.5,0.0,0.0
57.52,0.0,0.0
57.54,0.0,0.0
57.56,0.0,0.0
57.58,0.0,0.0
57.6,0.0,0.0
57.62,0.0,0.0
57.64,0.0,0.0
57.66,0.0,0.0
57.68,0.0,0.0
57.7,0.0,0.0
57.72,0.0,0.0
57.74,0.0,0.0
57.76,0.0,0.0
57.78,0.0,0.0
57.8,0.0,0.0
57.82,0.0,0.0
57.84,0.0,0.0
57.86,0.0,0.0
57.88,0.0,0.0
57.9,0.0,0.0
57.92,0.0,0.0
57.94,0.0,0.0
57.96,0.0,0.0
57.98,0.0,0.0
58.0,0.0,0.0
58.02,0.0,0.0
58.04,0.0,0.0
58.06,0.0,0.0
58.08,0.0,0.0
58.1,0.0,0.0
58.12,0.0,0.0
58.14,0.0,0.0
58.16,0.0,0.0
58.18,0.0,0.0
58.2,0.0,0.0
58.22,0.0,0.0
58.24,0.0,0.0
58.26,0.0,0.0
58.28,0.0,0.0
58.3,0.0,0.0
58.32,0.0,0.0
58.34,0.0,0.0
58.36,0.0,0.0
58.38,0.0,0.0
58.4,0.0,0.0
58.42,0.0,0.0
58.44,0.0,0.0
58.46,0.0,0.0
58.48,0.0,0.0
58.5,0.0,0.0
58.52,0.0,0.0
58.54,0.0,0.0
58.56,0.0,0.0
58.58,0.0,0.0
58.6,0.0,0.0
58.62,0.0,0.0
58.64,0.0,0.0
58.66,0.0,0.0
58.68,0.0,0.0
58.7,0.0,0.0
58.72,0.0,0.0
58.74,0.0,0.0
58.76,0.0,0.0
58.78,0.0,0.0
58.8,0.0,0.0
58.82,0.0,0.0
58.84,0.0,0.0
58.86,0.0,0.0
58.88,0.0,0.0
58.9,0.0,0.0
58.92,0.0,0.0
58.94,0.0,0.0
58.96,0.0,0.0
58.98,0.0,0.0
59.0,0.0,0.0
59.02,0.0,0.0
59.04,0.0,0.0
59.06,0.0,0.0
59.08,0.0,0.0
59.1,0.0,0.0
59.12,0.0,0.0
59.14,0.0,0.0
59.16,0.0,0.0
59.18,0.0,0.0
59.2,0.0,0.0
59.22,0.0,0.0
59.24,0.0,0.0
59.26,0.0,0.0
59.28,0.0,0.0
59.3,0.0,0.0
59.32,0.0,0.0
59.34,0.0,0.0
59.36,0.0,0.0
59.38,0.0,0.0
59.4,0.0,0.0
59.42,0.0,0.0
59.44,0.0,0.0
59.46,0.0,0.0
59.48,0.0,0.0
59.5,0.0,0.0
59.52,0.0,0.0
59.54,0.0,0.0
59.56,0.0,0.0
59.58,0.0,0.0
59.6,0.0,0.0
59.62,0.0,0.0
59.64,0.0,0.0
59.66,0.0,0.0
59.68,0.0,0.0
59.7,0.0,0.0
59.72,0.0,0.0
59.74,0.0,0.0
59.76,0.0,0.0
59.78,0.0,0.0
59.8,0.0,0.0
59.82,0.0,0.0
59.84,0.0,0.0
59.86,0.0,0.0
59.88,0.0,0.0
59.9,0.0,0.0
59.92,0.0,0.0
59.94,0.0,0.0
59.96,0.0,0.0
59.98,0.0,0.0
60.0,0.0,0.0
